Name,Age
Alice Smith,36
Frank Moore,31
Ivy Johnson,52
Charlie Moore,20
Ivy Williams,22
Grace Taylor,28
Alice Williams,28
Emma Jones,31
Alice Johnson,18
Alice Brown,44
Frank Moore,21
David Miller,21
Grace Miller,27
David Wilson,26
Charlie Miller,50
Alice Brown,53
Ivy Wilson,45
Bob Miller,59
Emma Williams,44
Alice Williams,37
Harry Taylor,33
Grace Moore,47
David Smith,60
Harry Jones,59
Charlie Wilson,19
Jack Taylor,55
Charlie Johnson,60
Emma Davis,29
Alice Wilson,43
Bob Miller,37
Bob Miller,19
Alice Williams,43
Emma Williams,39
Jack Smith,52
Emma Davis,58
Bob Davis,25
Ivy Taylor,58
Jack Johnson,18
Emma Williams,29
Alice Davis,42
Emma Williams,37
Charlie Wilson,30
Jack Davis,49
David Johnson,33
Harry Jones,31
Bob Jones,35
Bob Davis,33
Alice Smith,33
Jack Davis,52
Alice Taylor,42
Ivy Smith,37
Grace Davis,36
Ivy Williams,42
Frank Jones,21
Charlie Wilson,52
Charlie Moore,20
Frank Smith,26
Emma Wilson,24
David Smith,39
Grace Davis,33
Alice Smith,21
Emma Jones,46
Harry Wilson,36
Bob Davis,21
Grace Jones,47
Grace Miller,43
Ivy Johnson,49
Jack Miller,42
David Moore,53
Bob Jones,46
Grace Johnson,26
Bob Jones,24
Bob Miller,25
David Brown,49
Bob Smith,18
Ivy Miller,23
Jack Taylor,48
David Davis,31
Frank Wilson,42
Charlie Wilson,35
Jack Wilson,58
Harry Smith,48
Jack Williams,42
Bob Wilson,45
David Smith,55
Jack Moore,59
Bob Moore,18
Bob Johnson,45
Ivy Johnson,33
Grace Davis,27
Frank Smith,43
Charlie Smith,38
Charlie Brown,48
Grace Davis,23
Bob Brown,50
Ivy Brown,24
Bob Brown,34
Frank Williams,32
Jack Taylor,32
Frank Williams,51
